New Alto 800 LXI CNG,370003,366242
New Alto 800 LXI (O) CNG,376003,372242
New Alto 800 STD,249003,245242
New Alto 800 STD (O),255003,251242
New Alto 800 LX,283003,279242
New Alto 800 LX (O),289003,285242
New Alto 800 LXI,309003,305242
New Alto 800 LXI (O),315003,311242
New Alto 800 VXI,328003,324242
New Alto 800 VXI (O),334003,330242
NEW ALTO K10 LX,329340,325579
NEW ALTO K10 LX(O),335393,331632
NEW ALTO K10 LXI,345642,341882
NEW ALTO K10 LXI(O),351695,347934
NEW ALTO K10 VXI,362473,358712
NEW ALTO K10 VXI (O),382314,378553
NEW ALTO K10 LXI CNG,408509,404748
NEW ALTO K10 VXI AGS,408959,405199
NEW ALTO K10 LXI CNG(O),414561,410801
NEW ALTO K10 VXI AGS(O),415012,411251
WAGON R LXI CNG,467918,464157
WAGON R LXI CNG(O),487085,483324
WAGON R LXI,413413,409652
WAGON R VXI,439014,435253
WAGON R LXI(O),446370,442609
WAGON R VXI(O),471976,468215
WAGON R VXI AMT,486428,482667
WAGON R VXI AMT (O),519390,515629
MARUTI CELERIO GREEN VXI (O),511397,511397
MARUTI CELERIO LDI,481853,481853
MARUTI CELERIO LDI (O),502293,502293
MARUTI CELERIO VDI,512325,512325
MARUTI CELERIO VDI (O),532765,532765
MARUTI CELERIO ZDI,542988,542988
MARUTI CELERIO ZDI (O),590043,590043
MARUTI CELERIO LXI,403141,403141
MARUTI CELERIO LXI (O),423317,423317
MARUTI CELERIO VXI,433375,433375
MARUTI CELERIO LXI AGS,450348,450348
MARUTI CELERIO VXI (O),453551,453551
MARUTI CELERIO ZXI,463656,463656
MARUTI CELERIO LXI AMT(O),470524,470524
MARUTI CELERIO VXI AGS,480506,480506
MARUTI CELERIO GREEN VXI,499292,499292
MARUTI CELERIO VXI AMT (O),500682,500682
MARUTI CELERIO ZXI (O),510086,510086
MARUTI CELERIO ZXI AMT,510632,510632
MARUTI CELERIO ZXI AMT (O),523746,523746
STINGRAY LXI (O),463036,459275
STINGRAY VXI (O),491287,487526
STINGRAY VXI AMT,505769,502008
STINGRAY VXI AMT (O),538700,534939
Ritz MC Ldi,550004,550004
Ritz MC Vdi,597876,597876
Ritz MC Vdi ABS,616801,616801
Ritz MC Zdi,658205,658205
Ritz Lxi,430004,430004
Ritz Vxi,489163,489163
Ritz Vxi ABS,513902,513902
Ritz Zxi,549738,549738
Ritz AT,614253,614253
NEW SWIFT LDI,596555,596555
SWIFT LDI (O),616992,616992
SWIFT DECA LIMITED EDITION VDI*,632793,632793
NEW SWIFT VDI,644403,644403
SWIFT VDI (O),656664,656664
NEW SWIFT ZDI,743958,743958
NEW SWIFT LXI,475616,475616
NEW SWIFT LXI (O),480926,480926
SWIFT LXI OPTIONAL (O),501102,501102
SWIFT DECA LIMITED EDITION VXI*,540255,540255
NEW SWIFT VXI,551717,551717
SWIFT VXI (O),571890,571890
NEW SWIFT ZXI,636601,636601
New DZIRE LDI,615994,615994
DZIRE LDI (O),636431,636431
New DZIRE VDI,709583,709583
DZIRE VDI (O),721844,721844
NEW DZIRE ZDI,807445,807445
DZIRE ZDI AGS,857519,857519
New DZIRE LXi,527408,527408
New DZIRE LXi Optional,535468,535468
DZIRE LXi OPTIONAL (O),551542,551542
New DZIRE VXi,599004,599004
DZIRE VXi (O),626743,626743
New DZIRE VXi AT,686688,686688
NEW DZIRE ZXi,702490,702490
DZIRE VXi AT (O),706861,706861
NEW ERTIGA VXI CNG(MANUAL),813201,813201
NEW ERTIGA Smart Hybrid LDI(MANUAL),713247,713247
NEW ERTIGA Smart Hybrid LDI (O)(MANUAL),719736,719736
NEW ERTIGA Smart Hybrid VDI(MANUAL),779023,779023
NEW ERTIGA Smart Hybrid ZDI(MANUAL),831514,831514
NEW ERTIGA Smart Hybrid ZDI+(MANUAL),871477,871477
NEW ERTIGA LXI(MANUAL),618048,618048
NEW ERTIGA LXI (O)(MANUAL),657708,657708
NEW ERTIGA VXI(MANUAL),751496,751496
NEW ERTIGA ZXI(MANUAL),812660,812660
NEW ERTIGA VXI AT(AUTOMATIC),854694,854694
NEW ERTIGA ZXI+(MANUAL),871494,871494
MARUTI EECO GREEN 5 SEATER W/O AC,394846,391777
Maruti EECO Flexi (CNG),430293,427251
MARUTI EECO GREEN 5 SEATER WITH AC,431420,428352
MARUTI EECO 5 STR,327631,324562
MARUTI EECO 7 STR,344841,341773
Maruti EECO Flexi (Petrol),352839,349797
MARUTI EECO 5 STR WITH A/C,357967,354898
EECO Ambulance,392946,392946
 MARUTI GYPSY KING MPI BSIV AMBULANCE (HARD TOP),571978,571978
MARUTI GYPSY KING MPI BSIV (SOFT TOP),626419,623019
MARUTI GYPSY KING MPI BSIV (HARD TOP),641206,637805
CIAZ SHVS VDI,773143,773143
CIAZ SHVS VDI (O),786676,786676
CIAZ SHVS VDI+,827743,827743
CIAZ SHVS ZDI,894010,894010
CIAZ SHVS ZDI+,954676,954676
CIAZ VXI(MANUAL),753024,753024
CIAZ VXI (O)(MANUAL),770568,770568
CIAZ VXI+(MANUAL),812003,812003
CIAZ ZXI(MANUAL),877533,877533
CIAZ AT VXI+(AUTOMATIC),928615,928615
CIAZ ZXI+(MANUAL),933775,933775
CIAZ AT ZXI (AUTOMATIC),994145,994145
CIAZ AT ZXI+,1050382,1050382
